message;severity;node;stamp;location
"Oh no! I hit the wall! (Clamping from [x=11.096089, y=5.544445])";"30";"turtlesim3.sim";"1728982272.315377657";"/root/ros2_ws/src/ros_tutorials/turtlesim/src/turtle.cpp:update:260"
"Oh no! I hit the wall! (Clamping from [x=11.096089, y=5.544445])";"30";"turtlesim3.sim";"1728982272.299891765";"/root/ros2_ws/src/ros_tutorials/turtlesim/src/turtle.cpp:update:260"
"Oh no! I hit the wall! (Clamping from [x=11.096089, y=5.544445])";"30";"turtlesim3.sim";"1728982272.283329074";"/root/ros2_ws/src/ros_tutorials/turtlesim/src/turtle.cpp:update:260"
"Oh no! I hit the wall! (Clamping from [x=11.096089, y=5.544445])";"30";"turtlesim3.sim";"1728982272.267840683";"/root/ros2_ws/src/ros_tutorials/turtlesim/src/turtle.cpp:update:260"
"Oh no! I hit the wall! (Clamping from [x=11.096089, y=5.544445])";"30";"turtlesim3.sim";"1728982272.251403892";"/root/ros2_ws/src/ros_tutorials/turtlesim/src/turtle.cpp:update:260"
"Oh no! I hit the wall! (Clamping from [x=11.096089, y=5.544445])";"30";"turtlesim3.sim";"1728982272.235573701";"/root/ros2_ws/src/ros_tutorials/turtlesim/src/turtle.cpp:update:260"
"Oh no! I hit the wall! (Clamping from [x=11.096089, y=5.544445])";"30";"turtlesim2.sim";"1728982272.231848503";"/root/ros2_ws/src/ros_tutorials/turtlesim/src/turtle.cpp:update:260"
"Oh no! I hit the wall! (Clamping from [x=11.096089, y=5.544445])";"30";"turtlesim3.sim";"1728982272.219800310";"/root/ros2_ws/src/ros_tutorials/turtlesim/src/turtle.cpp:update:260"
"Oh no! I hit the wall! (Clamping from [x=11.096089, y=5.544445])";"30";"turtlesim2.sim";"1728982272.215186812";"/root/ros2_ws/src/ros_tutorials/turtlesim/src/turtle.cpp:update:260"
"Oh no! I hit the wall! (Clamping from [x=11.096089, y=5.544445])";"30";"turtlesim3.sim";"1728982272.203016419";"/root/ros2_ws/src/ros_tutorials/turtlesim/src/turtle.cpp:update:260"
"Oh no! I hit the wall! (Clamping from [x=11.096089, y=5.544445])";"30";"turtlesim2.sim";"1728982272.199415821";"/root/ros2_ws/src/ros_tutorials/turtlesim/src/turtle.cpp:update:260"
"Oh no! I hit the wall! (Clamping from [x=11.096089, y=5.544445])";"30";"turtlesim3.sim";"1728982272.187339828";"/root/ros2_ws/src/ros_tutorials/turtlesim/src/turtle.cpp:update:260"
"Oh no! I hit the wall! (Clamping from [x=11.096089, y=5.544445])";"30";"turtlesim2.sim";"1728982272.183462630";"/root/ros2_ws/src/ros_tutorials/turtlesim/src/turtle.cpp:update:260"
"Oh no! I hit the wall! (Clamping from [x=11.096089, y=5.544445])";"30";"turtlesim3.sim";"1728982272.171475736";"/root/ros2_ws/src/ros_tutorials/turtlesim/src/turtle.cpp:update:260"
"Oh no! I hit the wall! (Clamping from [x=11.096089, y=5.544445])";"30";"turtlesim2.sim";"1728982272.168448138";"/root/ros2_ws/src/ros_tutorials/turtlesim/src/turtle.cpp:update:260"
"Oh no! I hit the wall! (Clamping from [x=11.096089, y=5.544445])";"30";"turtlesim3.sim";"1728982272.156156645";"/root/ros2_ws/src/ros_tutorials/turtlesim/src/turtle.cpp:update:260"
"Oh no! I hit the wall! (Clamping from [x=11.096089, y=5.544445])";"30";"turtlesim2.sim";"1728982272.152310847";"/root/ros2_ws/src/ros_tutorials/turtlesim/src/turtle.cpp:update:260"
"Oh no! I hit the wall! (Clamping from [x=11.096089, y=5.544445])";"30";"turtlesim3.sim";"1728982272.140407154";"/root/ros2_ws/src/ros_tutorials/turtlesim/src/turtle.cpp:update:260"
"Oh no! I hit the wall! (Clamping from [x=11.096089, y=5.544445])";"30";"turtlesim2.sim";"1728982272.140407154";"/root/ros2_ws/src/ros_tutorials/turtlesim/src/turtle.cpp:update:260"
"Oh no! I hit the wall! (Clamping from [x=11.096089, y=5.544445])";"30";"turtlesim3.sim";"1728982272.125570262";"/root/ros2_ws/src/ros_tutorials/turtlesim/src/turtle.cpp:update:260"
"Oh no! I hit the wall! (Clamping from [x=11.096089, y=5.544445])";"30";"turtlesim2.sim";"1728982272.120366265";"/root/ros2_ws/src/ros_tutorials/turtlesim/src/turtle.cpp:update:260"
"Oh no! I hit the wall! (Clamping from [x=11.096089, y=5.544445])";"30";"turtlesim3.sim";"1728982272.110698670";"/root/ros2_ws/src/ros_tutorials/turtlesim/src/turtle.cpp:update:260"
"Oh no! I hit the wall! (Clamping from [x=11.096089, y=5.544445])";"30";"turtlesim2.sim";"1728982272.103748474";"/root/ros2_ws/src/ros_tutorials/turtlesim/src/turtle.cpp:update:260"
"Oh no! I hit the wall! (Clamping from [x=11.096089, y=5.544445])";"30";"turtlesim3.sim";"1728982272.096643278";"/root/ros2_ws/src/ros_tutorials/turtlesim/src/turtle.cpp:update:260"
"Oh no! I hit the wall! (Clamping from [x=11.096089, y=5.544445])";"30";"turtlesim2.sim";"1728982272.087913283";"/root/ros2_ws/src/ros_tutorials/turtlesim/src/turtle.cpp:update:260"
"Oh no! I hit the wall! (Clamping from [x=11.096089, y=5.544445])";"30";"turtlesim3.sim";"1728982272.076179589";"/root/ros2_ws/src/ros_tutorials/turtlesim/src/turtle.cpp:update:260"
"Oh no! I hit the wall! (Clamping from [x=11.096089, y=5.544445])";"30";"turtlesim2.sim";"1728982272.071591792";"/root/ros2_ws/src/ros_tutorials/turtlesim/src/turtle.cpp:update:260"
"Oh no! I hit the wall! (Clamping from [x=11.096089, y=5.544445])";"30";"turtlesim3.sim";"1728982272.059599198";"/root/ros2_ws/src/ros_tutorials/turtlesim/src/turtle.cpp:update:260"
"Oh no! I hit the wall! (Clamping from [x=11.096089, y=5.544445])";"30";"turtlesim2.sim";"1728982272.055584001";"/root/ros2_ws/src/ros_tutorials/turtlesim/src/turtle.cpp:update:260"
"Oh no! I hit the wall! (Clamping from [x=11.096089, y=5.544445])";"30";"turtlesim3.sim";"1728982272.043576107";"/root/ros2_ws/src/ros_tutorials/turtlesim/src/turtle.cpp:update:260"
"Oh no! I hit the wall! (Clamping from [x=11.096089, y=5.544445])";"30";"turtlesim2.sim";"1728982272.039178010";"/root/ros2_ws/src/ros_tutorials/turtlesim/src/turtle.cpp:update:260"
"Oh no! I hit the wall! (Clamping from [x=11.096089, y=5.544445])";"30";"turtlesim3.sim";"1728982272.027727316";"/root/ros2_ws/src/ros_tutorials/turtlesim/src/turtle.cpp:update:260"
"Oh no! I hit the wall! (Clamping from [x=11.096089, y=5.544445])";"30";"turtlesim2.sim";"1728982272.023474618";"/root/ros2_ws/src/ros_tutorials/turtlesim/src/turtle.cpp:update:260"
"Oh no! I hit the wall! (Clamping from [x=11.096089, y=5.544445])";"30";"turtlesim3.sim";"1728982272.012025325";"/root/ros2_ws/src/ros_tutorials/turtlesim/src/turtle.cpp:update:260"
"Oh no! I hit the wall! (Clamping from [x=11.096089, y=5.544445])";"30";"turtlesim2.sim";"1728982272.007710427";"/root/ros2_ws/src/ros_tutorials/turtlesim/src/turtle.cpp:update:260"
"Oh no! I hit the wall! (Clamping from [x=11.096089, y=5.544445])";"30";"turtlesim3.sim";"1728982271.996013034";"/root/ros2_ws/src/ros_tutorials/turtlesim/src/turtle.cpp:update:260"
"Oh no! I hit the wall! (Clamping from [x=11.096089, y=5.544445])";"30";"turtlesim2.sim";"1728982271.990989436";"/root/ros2_ws/src/ros_tutorials/turtlesim/src/turtle.cpp:update:260"
"Oh no! I hit the wall! (Clamping from [x=11.096089, y=5.544445])";"30";"turtlesim3.sim";"1728982271.980081242";"/root/ros2_ws/src/ros_tutorials/turtlesim/src/turtle.cpp:update:260"
"Oh no! I hit the wall! (Clamping from [x=11.096089, y=5.544445])";"30";"turtlesim2.sim";"1728982271.975219345";"/root/ros2_ws/src/ros_tutorials/turtlesim/src/turtle.cpp:update:260"
"Oh no! I hit the wall! (Clamping from [x=11.096089, y=5.544445])";"30";"turtlesim3.sim";"1728982271.963767352";"/root/ros2_ws/src/ros_tutorials/turtlesim/src/turtle.cpp:update:260"
"Oh no! I hit the wall! (Clamping from [x=11.096089, y=5.544445])";"30";"turtlesim2.sim";"1728982271.959631754";"/root/ros2_ws/src/ros_tutorials/turtlesim/src/turtle.cpp:update:260"
"Oh no! I hit the wall! (Clamping from [x=11.096089, y=5.544445])";"30";"turtlesim3.sim";"1728982271.947830860";"/root/ros2_ws/src/ros_tutorials/turtlesim/src/turtle.cpp:update:260"
"Oh no! I hit the wall! (Clamping from [x=11.096089, y=5.544445])";"30";"turtlesim2.sim";"1728982271.943910363";"/root/ros2_ws/src/ros_tutorials/turtlesim/src/turtle.cpp:update:260"
"Oh no! I hit the wall! (Clamping from [x=11.096089, y=5.544445])";"30";"turtlesim3.sim";"1728982271.931564769";"/root/ros2_ws/src/ros_tutorials/turtlesim/src/turtle.cpp:update:260"
"Oh no! I hit the wall! (Clamping from [x=11.096089, y=5.544445])";"30";"turtlesim2.sim";"1728982271.927852271";"/root/ros2_ws/src/ros_tutorials/turtlesim/src/turtle.cpp:update:260"
"Oh no! I hit the wall! (Clamping from [x=11.096089, y=5.544445])";"30";"turtlesim3.sim";"1728982271.915847278";"/root/ros2_ws/src/ros_tutorials/turtlesim/src/turtle.cpp:update:260"
"Oh no! I hit the wall! (Clamping from [x=11.096089, y=5.544445])";"30";"turtlesim2.sim";"1728982271.911600980";"/root/ros2_ws/src/ros_tutorials/turtlesim/src/turtle.cpp:update:260"
"Oh no! I hit the wall! (Clamping from [x=11.096089, y=5.544445])";"30";"turtlesim3.sim";"1728982271.899949687";"/root/ros2_ws/src/ros_tutorials/turtlesim/src/turtle.cpp:update:260"
"Oh no! I hit the wall! (Clamping from [x=11.096089, y=5.544445])";"30";"turtlesim2.sim";"1728982271.896667789";"/root/ros2_ws/src/ros_tutorials/turtlesim/src/turtle.cpp:update:260"
"Oh no! I hit the wall! (Clamping from [x=11.096089, y=5.544445])";"30";"turtlesim3.sim";"1728982271.883999896";"/root/ros2_ws/src/ros_tutorials/turtlesim/src/turtle.cpp:update:260"
"Oh no! I hit the wall! (Clamping from [x=11.096089, y=5.544445])";"30";"turtlesim2.sim";"1728982271.880450198";"/root/ros2_ws/src/ros_tutorials/turtlesim/src/turtle.cpp:update:260"
"Oh no! I hit the wall! (Clamping from [x=11.096089, y=5.544445])";"30";"turtlesim3.sim";"1728982271.867876605";"/root/ros2_ws/src/ros_tutorials/turtlesim/src/turtle.cpp:update:260"
"Oh no! I hit the wall! (Clamping from [x=11.096089, y=5.544445])";"30";"turtlesim2.sim";"1728982271.863096507";"/root/ros2_ws/src/ros_tutorials/turtlesim/src/turtle.cpp:update:260"
"Oh no! I hit the wall! (Clamping from [x=11.096089, y=5.544445])";"30";"turtlesim3.sim";"1728982271.851394314";"/root/ros2_ws/src/ros_tutorials/turtlesim/src/turtle.cpp:update:260"
"Oh no! I hit the wall! (Clamping from [x=11.096089, y=5.544445])";"30";"turtlesim2.sim";"1728982271.847561516";"/root/ros2_ws/src/ros_tutorials/turtlesim/src/turtle.cpp:update:260"
"Oh no! I hit the wall! (Clamping from [x=11.096089, y=5.544445])";"30";"turtlesim3.sim";"1728982271.837201522";"/root/ros2_ws/src/ros_tutorials/turtlesim/src/turtle.cpp:update:260"
"Oh no! I hit the wall! (Clamping from [x=11.096089, y=5.544445])";"30";"turtlesim2.sim";"1728982271.831858725";"/root/ros2_ws/src/ros_tutorials/turtlesim/src/turtle.cpp:update:260"
"Oh no! I hit the wall! (Clamping from [x=11.096089, y=5.544445])";"30";"turtlesim3.sim";"1728982271.820206731";"/root/ros2_ws/src/ros_tutorials/turtlesim/src/turtle.cpp:update:260"
"Oh no! I hit the wall! (Clamping from [x=11.096089, y=5.544445])";"30";"turtlesim2.sim";"1728982271.815516034";"/root/ros2_ws/src/ros_tutorials/turtlesim/src/turtle.cpp:update:260"
"Oh no! I hit the wall! (Clamping from [x=11.096089, y=5.544445])";"30";"turtlesim3.sim";"1728982271.803371340";"/root/ros2_ws/src/ros_tutorials/turtlesim/src/turtle.cpp:update:260"
"Oh no! I hit the wall! (Clamping from [x=11.096089, y=5.544445])";"30";"turtlesim2.sim";"1728982271.800096842";"/root/ros2_ws/src/ros_tutorials/turtlesim/src/turtle.cpp:update:260"
"Oh no! I hit the wall! (Clamping from [x=11.096089, y=5.544445])";"30";"turtlesim3.sim";"1728982271.787190149";"/root/ros2_ws/src/ros_tutorials/turtlesim/src/turtle.cpp:update:260"
"Oh no! I hit the wall! (Clamping from [x=11.096089, y=5.544445])";"30";"turtlesim2.sim";"1728982271.784010851";"/root/ros2_ws/src/ros_tutorials/turtlesim/src/turtle.cpp:update:260"
"Oh no! I hit the wall! (Clamping from [x=11.096089, y=5.544445])";"30";"turtlesim3.sim";"1728982271.772013258";"/root/ros2_ws/src/ros_tutorials/turtlesim/src/turtle.cpp:update:260"
"Oh no! I hit the wall! (Clamping from [x=11.096089, y=5.544445])";"30";"turtlesim2.sim";"1728982271.768028760";"/root/ros2_ws/src/ros_tutorials/turtlesim/src/turtle.cpp:update:260"
"Oh no! I hit the wall! (Clamping from [x=11.096089, y=5.544445])";"30";"turtlesim3.sim";"1728982271.755982467";"/root/ros2_ws/src/ros_tutorials/turtlesim/src/turtle.cpp:update:260"
"Oh no! I hit the wall! (Clamping from [x=11.096089, y=5.544445])";"30";"turtlesim2.sim";"1728982271.751748169";"/root/ros2_ws/src/ros_tutorials/turtlesim/src/turtle.cpp:update:260"
"Oh no! I hit the wall! (Clamping from [x=11.096089, y=5.544445])";"30";"turtlesim3.sim";"1728982271.741611875";"/root/ros2_ws/src/ros_tutorials/turtlesim/src/turtle.cpp:update:260"
"Oh no! I hit the wall! (Clamping from [x=11.096089, y=5.544445])";"30";"turtlesim2.sim";"1728982271.735160278";"/root/ros2_ws/src/ros_tutorials/turtlesim/src/turtle.cpp:update:260"
"Oh no! I hit the wall! (Clamping from [x=11.096089, y=5.544445])";"30";"turtlesim3.sim";"1728982271.723011785";"/root/ros2_ws/src/ros_tutorials/turtlesim/src/turtle.cpp:update:260"
"Oh no! I hit the wall! (Clamping from [x=11.096089, y=5.544445])";"30";"turtlesim2.sim";"1728982271.720380186";"/root/ros2_ws/src/ros_tutorials/turtlesim/src/turtle.cpp:update:260"
"Oh no! I hit the wall! (Clamping from [x=11.096089, y=5.544445])";"30";"turtlesim3.sim";"1728982271.707118594";"/root/ros2_ws/src/ros_tutorials/turtlesim/src/turtle.cpp:update:260"
"Oh no! I hit the wall! (Clamping from [x=11.096089, y=5.544445])";"30";"turtlesim2.sim";"1728982271.703937295";"/root/ros2_ws/src/ros_tutorials/turtlesim/src/turtle.cpp:update:260"
"Oh no! I hit the wall! (Clamping from [x=11.096089, y=5.544445])";"30";"turtlesim3.sim";"1728982271.691438402";"/root/ros2_ws/src/ros_tutorials/turtlesim/src/turtle.cpp:update:260"
"Oh no! I hit the wall! (Clamping from [x=11.096089, y=5.544445])";"30";"turtlesim2.sim";"1728982271.687208905";"/root/ros2_ws/src/ros_tutorials/turtlesim/src/turtle.cpp:update:260"
"Oh no! I hit the wall! (Clamping from [x=11.096089, y=5.544445])";"30";"turtlesim3.sim";"1728982271.676179811";"/root/ros2_ws/src/ros_tutorials/turtlesim/src/turtle.cpp:update:260"
"Oh no! I hit the wall! (Clamping from [x=11.096089, y=5.544445])";"30";"turtlesim2.sim";"1728982271.672255813";"/root/ros2_ws/src/ros_tutorials/turtlesim/src/turtle.cpp:update:260"
"Oh no! I hit the wall! (Clamping from [x=11.096089, y=5.544445])";"30";"turtlesim3.sim";"1728982271.659780820";"/root/ros2_ws/src/ros_tutorials/turtlesim/src/turtle.cpp:update:260"
"Oh no! I hit the wall! (Clamping from [x=11.096089, y=5.544445])";"30";"turtlesim2.sim";"1728982271.655901522";"/root/ros2_ws/src/ros_tutorials/turtlesim/src/turtle.cpp:update:260"
"Oh no! I hit the wall! (Clamping from [x=11.096089, y=5.544445])";"30";"turtlesim3.sim";"1728982271.643855129";"/root/ros2_ws/src/ros_tutorials/turtlesim/src/turtle.cpp:update:260"
"Oh no! I hit the wall! (Clamping from [x=11.096089, y=5.544445])";"30";"turtlesim2.sim";"1728982271.639349831";"/root/ros2_ws/src/ros_tutorials/turtlesim/src/turtle.cpp:update:260"
"Oh no! I hit the wall! (Clamping from [x=11.096089, y=5.544445])";"30";"turtlesim3.sim";"1728982271.627791838";"/root/ros2_ws/src/ros_tutorials/turtlesim/src/turtle.cpp:update:260"
"Oh no! I hit the wall! (Clamping from [x=11.096089, y=5.544445])";"30";"turtlesim2.sim";"1728982271.623185240";"/root/ros2_ws/src/ros_tutorials/turtlesim/src/turtle.cpp:update:260"
"Oh no! I hit the wall! (Clamping from [x=11.096089, y=5.544445])";"30";"turtlesim3.sim";"1728982271.611474447";"/root/ros2_ws/src/ros_tutorials/turtlesim/src/turtle.cpp:update:260"
"Oh no! I hit the wall! (Clamping from [x=11.096089, y=5.544445])";"30";"turtlesim2.sim";"1728982271.607383449";"/root/ros2_ws/src/ros_tutorials/turtlesim/src/turtle.cpp:update:260"
"Oh no! I hit the wall! (Clamping from [x=11.096089, y=5.544445])";"30";"turtlesim3.sim";"1728982271.595420556";"/root/ros2_ws/src/ros_tutorials/turtlesim/src/turtle.cpp:update:260"
"Oh no! I hit the wall! (Clamping from [x=11.096089, y=5.544445])";"30";"turtlesim2.sim";"1728982271.591372458";"/root/ros2_ws/src/ros_tutorials/turtlesim/src/turtle.cpp:update:260"
"Oh no! I hit the wall! (Clamping from [x=11.096089, y=5.544445])";"30";"turtlesim3.sim";"1728982271.579578864";"/root/ros2_ws/src/ros_tutorials/turtlesim/src/turtle.cpp:update:260"
"Oh no! I hit the wall! (Clamping from [x=11.096089, y=5.544445])";"30";"turtlesim2.sim";"1728982271.575032367";"/root/ros2_ws/src/ros_tutorials/turtlesim/src/turtle.cpp:update:260"
"Oh no! I hit the wall! (Clamping from [x=11.096089, y=5.544445])";"30";"turtlesim3.sim";"1728982271.563230273";"/root/ros2_ws/src/ros_tutorials/turtlesim/src/turtle.cpp:update:260"
"Oh no! I hit the wall! (Clamping from [x=11.096089, y=5.544445])";"30";"turtlesim2.sim";"1728982271.560005175";"/root/ros2_ws/src/ros_tutorials/turtlesim/src/turtle.cpp:update:260"
"Oh no! I hit the wall! (Clamping from [x=11.096089, y=5.544445])";"30";"turtlesim3.sim";"1728982271.547181482";"/root/ros2_ws/src/ros_tutorials/turtlesim/src/turtle.cpp:update:260"
"Oh no! I hit the wall! (Clamping from [x=11.096089, y=5.544445])";"30";"turtlesim2.sim";"1728982271.543817784";"/root/ros2_ws/src/ros_tutorials/turtlesim/src/turtle.cpp:update:260"
"Oh no! I hit the wall! (Clamping from [x=11.096089, y=5.544445])";"30";"turtlesim3.sim";"1728982271.531324191";"/root/ros2_ws/src/ros_tutorials/turtlesim/src/turtle.cpp:update:260"
"Oh no! I hit the wall! (Clamping from [x=11.096089, y=5.544445])";"30";"turtlesim2.sim";"1728982271.527586293";"/root/ros2_ws/src/ros_tutorials/turtlesim/src/turtle.cpp:update:260"
"Oh no! I hit the wall! (Clamping from [x=11.096089, y=5.544445])";"30";"turtlesim3.sim";"1728982271.515341700";"/root/ros2_ws/src/ros_tutorials/turtlesim/src/turtle.cpp:update:260"
"Oh no! I hit the wall! (Clamping from [x=11.096089, y=5.544445])";"30";"turtlesim2.sim";"1728982271.513610901";"/root/ros2_ws/src/ros_tutorials/turtlesim/src/turtle.cpp:update:260"
"Oh no! I hit the wall! (Clamping from [x=11.096089, y=5.544445])";"30";"turtlesim3.sim";"1728982271.499370609";"/root/ros2_ws/src/ros_tutorials/turtlesim/src/turtle.cpp:update:260"
"Oh no! I hit the wall! (Clamping from [x=11.096089, y=5.544445])";"30";"turtlesim2.sim";"1728982271.495113811";"/root/ros2_ws/src/ros_tutorials/turtlesim/src/turtle.cpp:update:260"
"Oh no! I hit the wall! (Clamping from [x=11.096089, y=5.544445])";"30";"turtlesim3.sim";"1728982271.483595618";"/root/ros2_ws/src/ros_tutorials/turtlesim/src/turtle.cpp:update:260"
"Oh no! I hit the wall! (Clamping from [x=11.096089, y=5.544445])";"30";"turtlesim2.sim";"1728982271.479188720";"/root/ros2_ws/src/ros_tutorials/turtlesim/src/turtle.cpp:update:260"
"Oh no! I hit the wall! (Clamping from [x=11.096089, y=5.544445])";"30";"turtlesim3.sim";"1728982271.467470927";"/root/ros2_ws/src/ros_tutorials/turtlesim/src/turtle.cpp:update:260"
"Oh no! I hit the wall! (Clamping from [x=11.096089, y=5.544445])";"30";"turtlesim2.sim";"1728982271.463318129";"/root/ros2_ws/src/ros_tutorials/turtlesim/src/turtle.cpp:update:260"
"Oh no! I hit the wall! (Clamping from [x=11.096089, y=5.544445])";"30";"turtlesim3.sim";"1728982271.451348735";"/root/ros2_ws/src/ros_tutorials/turtlesim/src/turtle.cpp:update:260"
"Oh no! I hit the wall! (Clamping from [x=11.096089, y=5.544445])";"30";"turtlesim2.sim";"1728982271.447253838";"/root/ros2_ws/src/ros_tutorials/turtlesim/src/turtle.cpp:update:260"
"Oh no! I hit the wall! (Clamping from [x=11.096089, y=5.544445])";"30";"turtlesim3.sim";"1728982271.437245843";"/root/ros2_ws/src/ros_tutorials/turtlesim/src/turtle.cpp:update:260"
"Oh no! I hit the wall! (Clamping from [x=11.096089, y=5.544445])";"30";"turtlesim2.sim";"1728982271.432013246";"/root/ros2_ws/src/ros_tutorials/turtlesim/src/turtle.cpp:update:260"
"Oh no! I hit the wall! (Clamping from [x=11.096089, y=5.544445])";"30";"turtlesim3.sim";"1728982271.418987553";"/root/ros2_ws/src/ros_tutorials/turtlesim/src/turtle.cpp:update:260"
"Oh no! I hit the wall! (Clamping from [x=11.096089, y=5.544445])";"30";"turtlesim2.sim";"1728982271.416059355";"/root/ros2_ws/src/ros_tutorials/turtlesim/src/turtle.cpp:update:260"
"Oh no! I hit the wall! (Clamping from [x=11.096089, y=5.544445])";"30";"turtlesim3.sim";"1728982271.403208262";"/root/ros2_ws/src/ros_tutorials/turtlesim/src/turtle.cpp:update:260"
"Oh no! I hit the wall! (Clamping from [x=11.096089, y=5.544445])";"30";"turtlesim2.sim";"1728982271.399198064";"/root/ros2_ws/src/ros_tutorials/turtlesim/src/turtle.cpp:update:260"
"Oh no! I hit the wall! (Clamping from [x=11.096089, y=5.544445])";"30";"turtlesim3.sim";"1728982271.387343471";"/root/ros2_ws/src/ros_tutorials/turtlesim/src/turtle.cpp:update:260"
"Oh no! I hit the wall! (Clamping from [x=11.096089, y=5.544445])";"30";"turtlesim2.sim";"1728982271.383395273";"/root/ros2_ws/src/ros_tutorials/turtlesim/src/turtle.cpp:update:260"
"Oh no! I hit the wall! (Clamping from [x=11.096089, y=5.544445])";"30";"turtlesim3.sim";"1728982271.371374580";"/root/ros2_ws/src/ros_tutorials/turtlesim/src/turtle.cpp:update:260"
"Oh no! I hit the wall! (Clamping from [x=11.096089, y=5.544445])";"30";"turtlesim2.sim";"1728982271.367524982";"/root/ros2_ws/src/ros_tutorials/turtlesim/src/turtle.cpp:update:260"
"Oh no! I hit the wall! (Clamping from [x=11.096089, y=5.544445])";"30";"turtlesim3.sim";"1728982271.355353789";"/root/ros2_ws/src/ros_tutorials/turtlesim/src/turtle.cpp:update:260"
"Oh no! I hit the wall! (Clamping from [x=11.096089, y=5.544445])";"30";"turtlesim2.sim";"1728982271.352399390";"/root/ros2_ws/src/ros_tutorials/turtlesim/src/turtle.cpp:update:260"
"Oh no! I hit the wall! (Clamping from [x=11.096089, y=5.544445])";"30";"turtlesim3.sim";"1728982271.340007397";"/root/ros2_ws/src/ros_tutorials/turtlesim/src/turtle.cpp:update:260"
"Oh no! I hit the wall! (Clamping from [x=11.096089, y=5.544445])";"30";"turtlesim2.sim";"1728982271.335794899";"/root/ros2_ws/src/ros_tutorials/turtlesim/src/turtle.cpp:update:260"
"Oh no! I hit the wall! (Clamping from [x=11.096089, y=5.544445])";"30";"turtlesim2.sim";"1728982271.320473908";"/root/ros2_ws/src/ros_tutorials/turtlesim/src/turtle.cpp:update:260"
"Oh no! I hit the wall! (Clamping from [x=11.096089, y=5.544445])";"30";"turtlesim2.sim";"1728982271.305131116";"/root/ros2_ws/src/ros_tutorials/turtlesim/src/turtle.cpp:update:260"
"Oh no! I hit the wall! (Clamping from [x=11.096089, y=5.544445])";"30";"turtlesim2.sim";"1728982271.287956526";"/root/ros2_ws/src/ros_tutorials/turtlesim/src/turtle.cpp:update:260"
"Oh no! I hit the wall! (Clamping from [x=11.096089, y=5.544445])";"30";"turtlesim2.sim";"1728982271.271360835";"/root/ros2_ws/src/ros_tutorials/turtlesim/src/turtle.cpp:update:260"
"Oh no! I hit the wall! (Clamping from [x=11.096089, y=5.544445])";"30";"turtlesim2.sim";"1728982271.255804644";"/root/ros2_ws/src/ros_tutorials/turtlesim/src/turtle.cpp:update:260"
"Oh no! I hit the wall! (Clamping from [x=11.096089, y=5.544445])";"30";"turtlesim3.sim";"1728982270.571897422";"/root/ros2_ws/src/ros_tutorials/turtlesim/src/turtle.cpp:update:260"
"Oh no! I hit the wall! (Clamping from [x=11.096089, y=5.544445])";"30";"turtlesim3.sim";"1728982270.555391383";"/root/ros2_ws/src/ros_tutorials/turtlesim/src/turtle.cpp:update:260"
"Oh no! I hit the wall! (Clamping from [x=11.096089, y=5.544445])";"30";"turtlesim3.sim";"1728982270.540053940";"/root/ros2_ws/src/ros_tutorials/turtlesim/src/turtle.cpp:update:260"
"Oh no! I hit the wall! (Clamping from [x=11.096089, y=5.544445])";"30";"turtlesim3.sim";"1728982270.523117502";"/root/ros2_ws/src/ros_tutorials/turtlesim/src/turtle.cpp:update:260"
"Oh no! I hit the wall! (Clamping from [x=11.096089, y=5.544445])";"30";"turtlesim3.sim";"1728982270.507927458";"/root/ros2_ws/src/ros_tutorials/turtlesim/src/turtle.cpp:update:260"
"Oh no! I hit the wall! (Clamping from [x=11.096089, y=5.544445])";"30";"turtlesim3.sim";"1728982270.491945618";"/root/ros2_ws/src/ros_tutorials/turtlesim/src/turtle.cpp:update:260"
"Oh no! I hit the wall! (Clamping from [x=11.096089, y=5.544445])";"30";"turtlesim2.sim";"1728982270.487854433";"/root/ros2_ws/src/ros_tutorials/turtlesim/src/turtle.cpp:update:260"
"Oh no! I hit the wall! (Clamping from [x=11.096089, y=5.544445])";"30";"turtlesim3.sim";"1728982270.476528375";"/root/ros2_ws/src/ros_tutorials/turtlesim/src/turtle.cpp:update:260"
"Oh no! I hit the wall! (Clamping from [x=11.096089, y=5.544445])";"30";"turtlesim2.sim";"1728982270.471488993";"/root/ros2_ws/src/ros_tutorials/turtlesim/src/turtle.cpp:update:260"
"Oh no! I hit the wall! (Clamping from [x=11.096089, y=5.544445])";"30";"turtlesim3.sim";"1728982270.461856429";"/root/ros2_ws/src/ros_tutorials/turtlesim/src/turtle.cpp:update:260"
"Oh no! I hit the wall! (Clamping from [x=11.096089, y=5.544445])";"30";"turtlesim2.sim";"1728982270.455688952";"/root/ros2_ws/src/ros_tutorials/turtlesim/src/turtle.cpp:update:260"
"Oh no! I hit the wall! (Clamping from [x=11.096089, y=5.544445])";"30";"turtlesim3.sim";"1728982270.445071991";"/root/ros2_ws/src/ros_tutorials/turtlesim/src/turtle.cpp:update:260"
"Oh no! I hit the wall! (Clamping from [x=11.096089, y=5.544445])";"30";"turtlesim2.sim";"1728982270.439464212";"/root/ros2_ws/src/ros_tutorials/turtlesim/src/turtle.cpp:update:260"
"Oh no! I hit the wall! (Clamping from [x=11.096089, y=5.544445])";"30";"turtlesim3.sim";"1728982270.429530948";"/root/ros2_ws/src/ros_tutorials/turtlesim/src/turtle.cpp:update:260"
"Oh no! I hit the wall! (Clamping from [x=11.096089, y=5.544445])";"30";"turtlesim2.sim";"1728982270.423414671";"/root/ros2_ws/src/ros_tutorials/turtlesim/src/turtle.cpp:update:260"
"Oh no! I hit the wall! (Clamping from [x=11.096089, y=5.544445])";"30";"turtlesim3.sim";"1728982270.411906213";"/root/ros2_ws/src/ros_tutorials/turtlesim/src/turtle.cpp:update:260"
"Oh no! I hit the wall! (Clamping from [x=11.096089, y=5.544445])";"30";"turtlesim2.sim";"1728982270.407726129";"/root/ros2_ws/src/ros_tutorials/turtlesim/src/turtle.cpp:update:260"
"Oh no! I hit the wall! (Clamping from [x=11.096089, y=5.544445])";"30";"turtlesim3.sim";"1728982270.395838673";"/root/ros2_ws/src/ros_tutorials/turtlesim/src/turtle.cpp:update:260"
"Oh no! I hit the wall! (Clamping from [x=11.096089, y=5.544445])";"30";"turtlesim2.sim";"1728982270.391000791";"/root/ros2_ws/src/ros_tutorials/turtlesim/src/turtle.cpp:update:260"
"Oh no! I hit the wall! (Clamping from [x=11.096089, y=5.544445])";"30";"turtlesim3.sim";"1728982270.378900835";"/root/ros2_ws/src/ros_tutorials/turtlesim/src/turtle.cpp:update:260"
"Oh no! I hit the wall! (Clamping from [x=11.096089, y=5.544445])";"30";"turtlesim2.sim";"1728982270.375887447";"/root/ros2_ws/src/ros_tutorials/turtlesim/src/turtle.cpp:update:260"
"Oh no! I hit the wall! (Clamping from [x=11.096089, y=5.544445])";"30";"turtlesim3.sim";"1728982270.364240290";"/root/ros2_ws/src/ros_tutorials/turtlesim/src/turtle.cpp:update:260"
"Oh no! I hit the wall! (Clamping from [x=11.096089, y=5.544445])";"30";"turtlesim2.sim";"1728982270.359788506";"/root/ros2_ws/src/ros_tutorials/turtlesim/src/turtle.cpp:update:260"
"Oh no! I hit the wall! (Clamping from [x=11.096089, y=5.544445])";"30";"turtlesim3.sim";"1728982270.347782150";"/root/ros2_ws/src/ros_tutorials/turtlesim/src/turtle.cpp:update:260"
"Oh no! I hit the wall! (Clamping from [x=11.096089, y=5.544445])";"30";"turtlesim2.sim";"1728982270.343253067";"/root/ros2_ws/src/ros_tutorials/turtlesim/src/turtle.cpp:update:260"
"Oh no! I hit the wall! (Clamping from [x=11.096089, y=5.544445])";"30";"turtlesim3.sim";"1728982270.330998113";"/root/ros2_ws/src/ros_tutorials/turtlesim/src/turtle.cpp:update:260"
"Oh no! I hit the wall! (Clamping from [x=11.096089, y=5.544445])";"30";"turtlesim2.sim";"1728982270.327304326";"/root/ros2_ws/src/ros_tutorials/turtlesim/src/turtle.cpp:update:260"
"Oh no! I hit the wall! (Clamping from [x=11.096089, y=5.544445])";"30";"turtlesim3.sim";"1728982270.315349770";"/root/ros2_ws/src/ros_tutorials/turtlesim/src/turtle.cpp:update:260"
"Oh no! I hit the wall! (Clamping from [x=11.096089, y=5.544445])";"30";"turtlesim2.sim";"1728982270.311477185";"/root/ros2_ws/src/ros_tutorials/turtlesim/src/turtle.cpp:update:260"
"Oh no! I hit the wall! (Clamping from [x=11.096089, y=5.544445])";"30";"turtlesim3.sim";"1728982270.299450629";"/root/ros2_ws/src/ros_tutorials/turtlesim/src/turtle.cpp:update:260"
"Oh no! I hit the wall! (Clamping from [x=11.096089, y=5.544445])";"30";"turtlesim2.sim";"1728982270.295570843";"/root/ros2_ws/src/ros_tutorials/turtlesim/src/turtle.cpp:update:260"
"Oh no! I hit the wall! (Clamping from [x=11.096089, y=5.544445])";"30";"turtlesim3.sim";"1728982270.283247989";"/root/ros2_ws/src/ros_tutorials/turtlesim/src/turtle.cpp:update:260"
"Oh no! I hit the wall! (Clamping from [x=11.096089, y=5.544445])";"30";"turtlesim2.sim";"1728982270.279600703";"/root/ros2_ws/src/ros_tutorials/turtlesim/src/turtle.cpp:update:260"
"Oh no! I hit the wall! (Clamping from [x=11.096089, y=5.544445])";"30";"turtlesim3.sim";"1728982270.267452047";"/root/ros2_ws/src/ros_tutorials/turtlesim/src/turtle.cpp:update:260"
"Oh no! I hit the wall! (Clamping from [x=11.096089, y=5.544445])";"30";"turtlesim2.sim";"1728982270.263685661";"/root/ros2_ws/src/ros_tutorials/turtlesim/src/turtle.cpp:update:260"
"Oh no! I hit the wall! (Clamping from [x=11.096089, y=5.544445])";"30";"turtlesim3.sim";"1728982270.251587506";"/root/ros2_ws/src/ros_tutorials/turtlesim/src/turtle.cpp:update:260"
"Oh no! I hit the wall! (Clamping from [x=11.096089, y=5.544445])";"30";"turtlesim2.sim";"1728982270.247653521";"/root/ros2_ws/src/ros_tutorials/turtlesim/src/turtle.cpp:update:260"
"Oh no! I hit the wall! (Clamping from [x=11.096089, y=5.544445])";"30";"turtlesim3.sim";"1728982270.235826164";"/root/ros2_ws/src/ros_tutorials/turtlesim/src/turtle.cpp:update:260"
"Oh no! I hit the wall! (Clamping from [x=11.096089, y=5.544445])";"30";"turtlesim2.sim";"1728982270.231521580";"/root/ros2_ws/src/ros_tutorials/turtlesim/src/turtle.cpp:update:260"
"Oh no! I hit the wall! (Clamping from [x=11.096089, y=5.544445])";"30";"turtlesim3.sim";"1728982270.220073623";"/root/ros2_ws/src/ros_tutorials/turtlesim/src/turtle.cpp:update:260"
"Oh no! I hit the wall! (Clamping from [x=11.096089, y=5.544445])";"30";"turtlesim2.sim";"1728982270.215690839";"/root/ros2_ws/src/ros_tutorials/turtlesim/src/turtle.cpp:update:260"
"Oh no! I hit the wall! (Clamping from [x=11.096089, y=5.544445])";"30";"turtlesim3.sim";"1728982270.203402484";"/root/ros2_ws/src/ros_tutorials/turtlesim/src/turtle.cpp:update:260"
"Oh no! I hit the wall! (Clamping from [x=11.096089, y=5.544445])";"30";"turtlesim2.sim";"1728982270.199865597";"/root/ros2_ws/src/ros_tutorials/turtlesim/src/turtle.cpp:update:260"
"Oh no! I hit the wall! (Clamping from [x=11.096089, y=5.544445])";"30";"turtlesim3.sim";"1728982270.187602643";"/root/ros2_ws/src/ros_tutorials/turtlesim/src/turtle.cpp:update:260"
"Oh no! I hit the wall! (Clamping from [x=11.096089, y=5.544445])";"30";"turtlesim2.sim";"1728982270.183759257";"/root/ros2_ws/src/ros_tutorials/turtlesim/src/turtle.cpp:update:260"
"Oh no! I hit the wall! (Clamping from [x=11.096089, y=5.544445])";"30";"turtlesim3.sim";"1728982270.171805201";"/root/ros2_ws/src/ros_tutorials/turtlesim/src/turtle.cpp:update:260"
"Oh no! I hit the wall! (Clamping from [x=11.096089, y=5.544445])";"30";"turtlesim2.sim";"1728982270.167089518";"/root/ros2_ws/src/ros_tutorials/turtlesim/src/turtle.cpp:update:260"
"Oh no! I hit the wall! (Clamping from [x=11.096089, y=5.544445])";"30";"turtlesim3.sim";"1728982270.156037759";"/root/ros2_ws/src/ros_tutorials/turtlesim/src/turtle.cpp:update:260"
"Oh no! I hit the wall! (Clamping from [x=11.096089, y=5.544445])";"30";"turtlesim2.sim";"1728982270.152725372";"/root/ros2_ws/src/ros_tutorials/turtlesim/src/turtle.cpp:update:260"
"Oh no! I hit the wall! (Clamping from [x=11.096089, y=5.544445])";"30";"turtlesim3.sim";"1728982270.140581316";"/root/ros2_ws/src/ros_tutorials/turtlesim/src/turtle.cpp:update:260"
"Oh no! I hit the wall! (Clamping from [x=11.096089, y=5.544445])";"30";"turtlesim2.sim";"1728982270.135923134";"/root/ros2_ws/src/ros_tutorials/turtlesim/src/turtle.cpp:update:260"
"Oh no! I hit the wall! (Clamping from [x=11.096089, y=5.544445])";"30";"turtlesim3.sim";"1728982270.123940778";"/root/ros2_ws/src/ros_tutorials/turtlesim/src/turtle.cpp:update:260"
"Oh no! I hit the wall! (Clamping from [x=11.096089, y=5.544445])";"30";"turtlesim2.sim";"1728982270.120250492";"/root/ros2_ws/src/ros_tutorials/turtlesim/src/turtle.cpp:update:260"
"Oh no! I hit the wall! (Clamping from [x=11.096089, y=5.544445])";"30";"turtlesim3.sim";"1728982270.108698334";"/root/ros2_ws/src/ros_tutorials/turtlesim/src/turtle.cpp:update:260"
"Oh no! I hit the wall! (Clamping from [x=11.096089, y=5.544445])";"30";"turtlesim2.sim";"1728982270.103389054";"/root/ros2_ws/src/ros_tutorials/turtlesim/src/turtle.cpp:update:260"
"Oh no! I hit the wall! (Clamping from [x=11.096089, y=5.544445])";"30";"turtlesim3.sim";"1728982270.094914785";"/root/ros2_ws/src/ros_tutorials/turtlesim/src/turtle.cpp:update:260"
"Oh no! I hit the wall! (Clamping from [x=11.096089, y=5.544445])";"30";"turtlesim2.sim";"1728982270.087166414";"/root/ros2_ws/src/ros_tutorials/turtlesim/src/turtle.cpp:update:260"
"Oh no! I hit the wall! (Clamping from [x=11.096089, y=5.544445])";"30";"turtlesim3.sim";"1728982270.075789456";"/root/ros2_ws/src/ros_tutorials/turtlesim/src/turtle.cpp:update:260"
"Oh no! I hit the wall! (Clamping from [x=11.096089, y=5.544445])";"30";"turtlesim2.sim";"1728982270.072040670";"/root/ros2_ws/src/ros_tutorials/turtlesim/src/turtle.cpp:update:260"
"Oh no! I hit the wall! (Clamping from [x=11.096089, y=5.544445])";"30";"turtlesim3.sim";"1728982270.060024814";"/root/ros2_ws/src/ros_tutorials/turtlesim/src/turtle.cpp:update:260"
"Oh no! I hit the wall! (Clamping from [x=11.096089, y=5.544445])";"30";"turtlesim2.sim";"1728982270.055522231";"/root/ros2_ws/src/ros_tutorials/turtlesim/src/turtle.cpp:update:260"
"Oh no! I hit the wall! (Clamping from [x=11.096089, y=5.544445])";"30";"turtlesim3.sim";"1728982270.043438076";"/root/ros2_ws/src/ros_tutorials/turtlesim/src/turtle.cpp:update:260"
"Oh no! I hit the wall! (Clamping from [x=11.096089, y=5.544445])";"30";"turtlesim2.sim";"1728982270.040272087";"/root/ros2_ws/src/ros_tutorials/turtlesim/src/turtle.cpp:update:260"
"Oh no! I hit the wall! (Clamping from [x=11.096089, y=5.544445])";"30";"turtlesim3.sim";"1728982270.028184432";"/root/ros2_ws/src/ros_tutorials/turtlesim/src/turtle.cpp:update:260"
"Oh no! I hit the wall! (Clamping from [x=11.096089, y=5.544445])";"30";"turtlesim2.sim";"1728982270.024367346";"/root/ros2_ws/src/ros_tutorials/turtlesim/src/turtle.cpp:update:260"
"Oh no! I hit the wall! (Clamping from [x=11.096089, y=5.544445])";"30";"turtlesim3.sim";"1728982270.011708993";"/root/ros2_ws/src/ros_tutorials/turtlesim/src/turtle.cpp:update:260"
"Oh no! I hit the wall! (Clamping from [x=11.096089, y=5.544445])";"30";"turtlesim2.sim";"1728982270.007280609";"/root/ros2_ws/src/ros_tutorials/turtlesim/src/turtle.cpp:update:260"
"Oh no! I hit the wall! (Clamping from [x=11.096089, y=5.544445])";"30";"turtlesim3.sim";"1728982269.995484053";"/root/ros2_ws/src/ros_tutorials/turtlesim/src/turtle.cpp:update:260"
"Oh no! I hit the wall! (Clamping from [x=11.096089, y=5.544445])";"30";"turtlesim2.sim";"1728982269.991197769";"/root/ros2_ws/src/ros_tutorials/turtlesim/src/turtle.cpp:update:260"
"Oh no! I hit the wall! (Clamping from [x=11.096089, y=5.544445])";"30";"turtlesim3.sim";"1728982269.981318405";"/root/ros2_ws/src/ros_tutorials/turtlesim/src/turtle.cpp:update:260"
"Oh no! I hit the wall! (Clamping from [x=11.096089, y=5.544445])";"30";"turtlesim2.sim";"1728982269.975445327";"/root/ros2_ws/src/ros_tutorials/turtlesim/src/turtle.cpp:update:260"
"Oh no! I hit the wall! (Clamping from [x=11.096089, y=5.544445])";"30";"turtlesim3.sim";"1728982269.963275272";"/root/ros2_ws/src/ros_tutorials/turtlesim/src/turtle.cpp:update:260"
"Oh no! I hit the wall! (Clamping from [x=11.096089, y=5.544445])";"30";"turtlesim2.sim";"1728982269.959683285";"/root/ros2_ws/src/ros_tutorials/turtlesim/src/turtle.cpp:update:260"
"Oh no! I hit the wall! (Clamping from [x=11.096089, y=5.544445])";"30";"turtlesim3.sim";"1728982269.947502130";"/root/ros2_ws/src/ros_tutorials/turtlesim/src/turtle.cpp:update:260"
"Oh no! I hit the wall! (Clamping from [x=11.096089, y=5.544445])";"30";"turtlesim2.sim";"1728982269.943772544";"/root/ros2_ws/src/ros_tutorials/turtlesim/src/turtle.cpp:update:260"
"Oh no! I hit the wall! (Clamping from [x=11.096089, y=5.544445])";"30";"turtlesim3.sim";"1728982269.931579189";"/root/ros2_ws/src/ros_tutorials/turtlesim/src/turtle.cpp:update:260"
"Oh no! I hit the wall! (Clamping from [x=11.096089, y=5.544445])";"30";"turtlesim2.sim";"1728982269.927753303";"/root/ros2_ws/src/ros_tutorials/turtlesim/src/turtle.cpp:update:260"
"Oh no! I hit the wall! (Clamping from [x=11.096089, y=5.544445])";"30";"turtlesim3.sim";"1728982269.915918647";"/root/ros2_ws/src/ros_tutorials/turtlesim/src/turtle.cpp:update:260"
"Oh no! I hit the wall! (Clamping from [x=11.096089, y=5.544445])";"30";"turtlesim2.sim";"1728982269.911872062";"/root/ros2_ws/src/ros_tutorials/turtlesim/src/turtle.cpp:update:260"
"Oh no! I hit the wall! (Clamping from [x=11.096089, y=5.544445])";"30";"turtlesim3.sim";"1728982269.900146205";"/root/ros2_ws/src/ros_tutorials/turtlesim/src/turtle.cpp:update:260"
"Oh no! I hit the wall! (Clamping from [x=11.096089, y=5.544445])";"30";"turtlesim2.sim";"1728982269.898667211";"/root/ros2_ws/src/ros_tutorials/turtlesim/src/turtle.cpp:update:260"
"Oh no! I hit the wall! (Clamping from [x=11.096089, y=5.544445])";"30";"turtlesim3.sim";"1728982269.883547967";"/root/ros2_ws/src/ros_tutorials/turtlesim/src/turtle.cpp:update:260"
"Oh no! I hit the wall! (Clamping from [x=11.096089, y=5.544445])";"30";"turtlesim2.sim";"1728982269.879309282";"/root/ros2_ws/src/ros_tutorials/turtlesim/src/turtle.cpp:update:260"
"Oh no! I hit the wall! (Clamping from [x=11.096089, y=5.544445])";"30";"turtlesim3.sim";"1728982269.869903317";"/root/ros2_ws/src/ros_tutorials/turtlesim/src/turtle.cpp:update:260"
"Oh no! I hit the wall! (Clamping from [x=11.096089, y=5.544445])";"30";"turtlesim2.sim";"1728982269.863260542";"/root/ros2_ws/src/ros_tutorials/turtlesim/src/turtle.cpp:update:260"
"Oh no! I hit the wall! (Clamping from [x=11.096089, y=5.544445])";"30";"turtlesim3.sim";"1728982269.856969965";"/root/ros2_ws/src/ros_tutorials/turtlesim/src/turtle.cpp:update:260"
"Oh no! I hit the wall! (Clamping from [x=11.096089, y=5.544445])";"30";"turtlesim2.sim";"1728982269.849652992";"/root/ros2_ws/src/ros_tutorials/turtlesim/src/turtle.cpp:update:260"
"Oh no! I hit the wall! (Clamping from [x=11.096089, y=5.544445])";"30";"turtlesim3.sim";"1728982269.835151546";"/root/ros2_ws/src/ros_tutorials/turtlesim/src/turtle.cpp:update:260"
"Oh no! I hit the wall! (Clamping from [x=11.096089, y=5.544445])";"30";"turtlesim2.sim";"1728982269.832968054";"/root/ros2_ws/src/ros_tutorials/turtlesim/src/turtle.cpp:update:260"
"Oh no! I hit the wall! (Clamping from [x=11.096089, y=5.544445])";"30";"turtlesim3.sim";"1728982269.819477803";"/root/ros2_ws/src/ros_tutorials/turtlesim/src/turtle.cpp:update:260"
"Oh no! I hit the wall! (Clamping from [x=11.096089, y=5.544445])";"30";"turtlesim2.sim";"1728982269.816007016";"/root/ros2_ws/src/ros_tutorials/turtlesim/src/turtle.cpp:update:260"
"Oh no! I hit the wall! (Clamping from [x=11.092444, y=5.544445])";"30";"turtlesim3.sim";"1728982269.803090064";"/root/ros2_ws/src/ros_tutorials/turtlesim/src/turtle.cpp:update:260"
"Oh no! I hit the wall! (Clamping from [x=11.096089, y=5.544445])";"30";"turtlesim2.sim";"1728982269.800162175";"/root/ros2_ws/src/ros_tutorials/turtlesim/src/turtle.cpp:update:260"
"Oh no! I hit the wall! (Clamping from [x=11.096089, y=5.544445])";"30";"turtlesim2.sim";"1728982269.792437603";"/root/ros2_ws/src/ros_tutorials/turtlesim/src/turtle.cpp:update:260"
"Oh no! I hit the wall! (Clamping from [x=11.096089, y=5.544445])";"30";"turtlesim2.sim";"1728982269.780215249";"/root/ros2_ws/src/ros_tutorials/turtlesim/src/turtle.cpp:update:260"
"Oh no! I hit the wall! (Clamping from [x=11.092444, y=5.544445])";"30";"turtlesim2.sim";"1728982269.762304415";"/root/ros2_ws/src/ros_tutorials/turtlesim/src/turtle.cpp:update:260"
